{"CONCEPT_ID":[4150070,32037,8870,581385,581383,0,4160026,262,38004207,4305366,4149946,40481392,4148511,763903,4147111,4150086,4149943,4150076,4147091,4134563,38004515],"CONCEPT_PATH":["Neurology department","Intensive Care","Emergency Room - Hospital","Observation Room","Inpatient Cardiac Care Facility","No matching concept","Medical or surgical floor","Emergency Room and Inpatient Visit","Ambulatory Clinic/Center","Surgical intensive care unit","Cardiology department","Medical intensive care unit","Cardiac surgery department","Trauma intensive care unit","Surgical transplant department","Vascular surgery department","Cardiac intensive care unit","Hematology department","General medical department","Postoperative anesthesia care unit","Hospital"],"NUM_PERSONS":[23,19,66,26,17,35,35,8,6,29,6,26,23,15,11,9,37,8,15,22,30],"PERCENT_PERSONS":[0.23,0.19,0.66,0.26,0.17,0.35,0.35,0.08,0.06,0.29,0.06,0.26,0.23,0.15,0.11,0.09,0.37,0.08,0.15,0.22,0.3],"RECORDS_PER_PERSON":[2.1304347826087,1.68421052631579,4.6969696969697,2.73076923076923,2.52941176470588,1.17142857142857,2.45714285714286,1,2232.16666666667,1.27586206896552,1.33333333333333,1.38461538461538,2.08695652173913,1.33333333333333,3.54545454545455,2.44444444444444,1.27027027027027,6.75,1.13333333333333,1.13636363636364,2.53333333333333]}
