{"CONCEPT_ID":[8870,581385,262,9201,38004207,8883],"CONCEPT_PATH":["Emergency Room - Hospital","Observation Room","Emergency Room and Inpatient Visit","Inpatient Visit","Ambulatory Clinic/Center","Ambulatory Surgical Center"],"NUM_PERSONS":[64,31,32,10,63,17],"PERCENT_PERSONS":[0.64,0.31,0.32,0.1,0.63,0.17],"RECORDS_PER_PERSON":[1.859375,2.64516129032258,1.1875,1.3,9.23809523809524,1.05882352941176]}
